title,price,rating
Amazon Basics Gel Computer Mouse Pad with Wrist Support Rest - Black,$12.73$12.73,4.5 out of 5 stars
"ITNRSIIET Mouse Pad with Stitched Edge, Premium-Textured Square Mouse Mat,Washable Mousepads with Lycra Cloth, Non-Slip Rubber Base Mousepad for Laptop, Computer, PC, 10.2×8.3×0.12 inches Black",$7.99$7.99,4.6 out of 5 stars
"TECKNET Mouse Pad with Wrist Support, Ergonomic Gaming Mouse Pad Pain Relief, Portable Comfortable Mousepad for Computer, Laptop, Office, Home and Travel, Non-Slip Base, Waterproof Surface, Black",$14.99,4.5 out of 5 stars
YEBMoo Gaming Mouse Pad XXL Extended Desk Pad & Thick Large (800x300x3 mm) Computer Keyboard Mousepad Mouse Mat (80x30 Black),$13.99$13.99,4.6 out of 5 stars
"TEKXDD Mouse Pad with Wrist Support, Ergonomic Memory Foam Gaming Mouse Pad, Non-Slip Rubber Base Mousepad Wrist Rest Mat for Office, Computer, Laptop, Home, Gaming (Black)",$10.39,4.4 out of 5 stars
"Mouse Pad with Stitched Edge, Non-Slip Rubber Base, Premium-Textured and Waterproof Mousepad for Computers, Laptop, Office & Home, 10.2x8.3inches, 3mm, Black",$7.99$7.99,4.6 out of 5 stars
YEBMoo Gaming Mouse Pad XXL Extended Desk Pad & Thick Large (800x300x3 mm) Computer Keyboard Mousepad Mouse Mat (80x30 Black),$13.99,4.6 out of 5 stars
"Knocent Mouse&Pad Premium Gaming Mouse Pads,Anti Slip Rubber Round Cute Mousepads and Desktops Pads Customized Designed for Home and Office,7.9 x 7.9inches (Marble Pink)",$7.99,4.5 out of 5 stars
"ITNRSIIET Mouse Pad with Stitched Edge, Premium-Textured Square Mouse Mat,Washable Mousepads with Lycra Cloth, Non-Slip Rubber Base Mousepad for Laptop, Computer, PC, 10.2×8.3×0.12 inches Black",$7.99$7.99,4.6 out of 5 stars
"ITNRSIIET Mouse Pad, Ergonomic Mouse Pad with Gel Wrist Rest Support, Gaming Mouse Pad with Lycra Cloth, Non-Slip PU Base for Computer, Laptop, PC, Home, Office & Travel, White",$16.99,4.4 out of 5 stars
"Black Shark Extended Mouse Pad, Gaming Mousepad Large, 90 x 40 cm, Durable Non-Slip Rubber Base, Waterproof Durable PC Keyboard Desk Mat",$29.99$29.99,4.7 out of 5 stars
"ITNRSIIET Mouse Pad, Ergonomic Mouse Pad with Wrist Support Gel Mouse Pad with Wrist Rest for Laptop, Pain Relief Mousepad with Non-Slip PU Base for Office & Home, Sunrise",$15.98,4.5 out of 5 stars
"ITNRSIIET Mouse Pad with Stitched Edge, Premium-Textured Square Mouse Mat,Washable Mousepads with Lycra Cloth, Non-Slip Rubber Base Mousepad for Laptop, Computer, PC, 10.2×8.3×0.12 inches Black",$7.99$7.99,4.6 out of 5 stars
Gaming Mouse Pad - Small Mouse Pad Premium Anti-Slip Rubber Base Computer Mouse Mat for Office & Home,$5.99$5.99,4.7 out of 5 stars
"Non-Slip Desk Pad,Mouse Pad,Waterproof PVC Leather Desk Table Protector,Ultra Thin Large Desk Blotter, Easy Clean Laptop Desk Writing Mat for Office Work/Home/Decor(Olive Green, 23.6inch x 13.7inch)",$17.99$17.99,4.6 out of 5 stars
"AILRINNI Ergonomic Mouse Pad - Wrist Support Pad with Pain Relief Memory Foam,Non-Slip Rubber Base,Black Mousepad: for Office Home,Laptop,ComputerNotebook and Laptop (Black)",$12.99$12.99,4.4 out of 5 stars
ITNRSIIET [20% Larger Mouse Pad with Stitched Edge Premium-Textured Mouse Mat Waterproof Non-Slip Rubber Base Round Mousepad for Laptop Computer PC Office 8.7×8.7×0.12 inches Modern Marbling,$9.98$9.98,4.6 out of 5 stars
"【7 Colors 3 Sizes】【1 or 2 Pack】Topographic Contour Gaming Mouse Pad Large Mouse Pad for Desk Keyboard and Mouse Pad Desk Mat Computer Mat Protector Mat Office Desk Accessories Gifts - 31.5""L*11.8""W",$20.99,4.5 out of 5 stars
JMIYAV White Gaming Mouse Pad RGB Mousepad Non-Slip Rubber Base Extra Large Cool XL XXL Computer Desk Pad Gaming Accessories LED Light Up Extended Big Mouse Pad for Gamer 31.5x12In CW1,$33.98,4.6 out of 5 stars
"UCMDA Gaming Mouse Pad - XXL Extended Large Mouse Mat Pad Waterproof Keyboard Mat with Non-Slip Base, Stitched Edges, Smooth Surface for Computer and Desk (800x400x2mm) (White Forest)",$23.99,4.7 out of 5 stars
Amazon Basics Gel Computer Mouse Pad with Wrist Support Rest - Black,$12.73,4.5 out of 5 stars
SteelSeries QcK Gaming Mouse Pad - Medium Cloth - Optimized For Sensors,$14.99,4.6 out of 5 stars
"Soqool Mouse Pad, Ergonomic Mouse Pad with Comfortable and Cooling Gel Wrist Rest Cushion and Lycra Cloth, Non-Slip PU Base for Easy Typing Pain Relief, Durable and Washable for Easy Cleaning, Black",$19.99$19.99,4.4 out of 5 stars
"TECKNET Mouse Pad with Wrist Support, Ergonomic Gaming Mouse Pad Pain Relief, Portable Comfortable Mousepad for Computer, Laptop, Office, Home and Travel, Non-Slip Base, Waterproof Surface, Black",$14.99,4.5 out of 5 stars
"UCMDA Mouse Pad with Wrist Support - Non-Slip Gaming Mouse Pad Ergonomic, Mouse Pad Wrist Rest with Gel Support for Computer and Laptops",$11.99$11.99,4.5 out of 5 stars
Anpollo Extended Speed Gaming Mouse Pad Large Size 35.4 x 15.7 inches Desk Mat Mousepad with Personalized Design - Black World Map,$23.99,4.7 out of 5 stars
Amazon Basics Gaming Computer Mouse Pad - Black,$13.49,4.6 out of 5 stars
"Large Mouse Pad for Desk,(35x15.6x0.12inch) Big Gaming Mouse Pad,XXXL Desk Pad, Non-Slip Desk Blotter,Laptop Desk Pad,Waterproof Desk Writing Pad for Office Home (A6)",$19.99,4.5 out of 5 stars
Galaxy Mouse Pad Big Gaming Mouse Pad Long Large Mouse Mat Full Desk Pad XXL Extended Mousepad XL Stitched Edges Non-Slip Rubber Base Gamer Keyboard Mice Pad for Laptop Computer PC 31.5×11.8 Inches,$23.99$23.99,4.9 out of 5 stars
"Knocent Mouse&Pad Premium Gaming Mouse Pads,Anti Slip Rubber Round Cute Mousepads and Desktops Pads Customized Designed for Home and Office,7.9 x 7.9inches (Marble Pink)",$7.99$7.99,4.5 out of 5 stars
"UCMDA Gaming Mouse Pad - 800 * 400mm XXL Extended Large Mouse Mat Pad Waterproof Keyboard Mat with Non-Slip Base, Stitched Edges, Smooth Surface for Computer and Desk, Purple Starry Sky",$18.50,4.8 out of 5 stars
"Logitech Mouse Pad - Studio Series, Computer Mouse Mat with Anti-Slip Rubber Base, Easy Gliding, Spill-Resistant Surface, Durable Materials, Portable, in a Fresh Modern Design, Darker Rose",$14.99,4.6 out of 5 stars
"TIDALSOIL RGB Large Gaming Mouse Pad, 31.5x11.8x0.11inch, Adjustable LED Light, 12 Light Modes: 4 Dynamic Modes and 8 Static Modes, Computer Keyboard Mouse Pad",$17.59$17.59,4.7 out of 5 stars
"Gaming Mouse Pad, Large Mousepad with Premium-Textured Cloth, Non-Slip Rubber Base, Waterproof Keyboard Pad, Mouse Mat for Gaming and Working - Black(31.5x11.8in)",$14.15,4.6 out of 5 stars
"EooCoo Ergonomic Mouse Pad with Wrist Support, Memory Foam Mouse Mat Non-Slip Base for Internet Cafe, Home & Office, Black",$9.99$9.99,4.3 out of 5 stars
"Razer Gigantus v2 Cloth Gaming Mouse Pad (Medium): Thick, High-Density Foam - Non-Slip Base - Classic Black",$14.99,4.6 out of 5 stars
"Gaming Mouse Pad, Canjoy Fluid Pattern Mouse Pad 31.5x15.7inch Large Extended Computer Mouse Mat Keyboard Full Desk Mousepad for Gaming, Office, Home",$20.00$20.00,4.3 out of 5 stars
HIHUHEN Large Mouse pad | Gaming Mouse Mat/Mouse Pad (800 x 300 x 3mm) | Table mat/Improved Precision and Speed (80x30Black),$13.97,4.5 out of 5 stars
"HABITU Vegan Leather Pink Mouse Pad with Removable Magnetic Wrist Support & Anti-Slip Base, Ergonomic Mouse Pad with Wrist Rest, Cute Office Desk Accessories for Women and Men",$17.99,4.5 out of 5 stars
"Leather Mouse Pad,Wood Mouse Pad,Double Side Mouse Pad,Stitched Edges,Equipped with Coaster Mouse Pads for Laptop,Office & Home,1 Pack,8inch11inch,EAGZFFI(Matcha Green)",$12.99$12.99,4.4 out of 5 stars
"HyperX Pulsefire Mat – Gaming Mouse Pad – Medium – Precise Cloth Surface – Anti-fray Flush Stitching – Non-Slip Rubber Base, Black, Standard (4Z7X3AA)",$19.99,4.6 out of 5 stars
Corsair MM350 PRO Premium Spill-Proof Cloth Gaming Mouse Pad – Extended XL - Black (CH-9413770-WW),$39.99,4.7 out of 5 stars
Black and White Mouse Pad Cherry Blossom Gaming Mouse Pad XL Long Mouse Pad Large XXL Mousepad Extended Stitched Edges Non-Slip Rubber Base Mice Pad 31.5 x 11.8 inch Office Desk Pad,$22.99,4.4 out of 5 stars
"3M Precise Mouse Pad Enhances The Precision of Optical Mice at Fast Speeds and Extends The Battery Life of Wireless Mice up to Fifty Percent*, Easy to Clean, Stays in Place, 9 in x 8 in (MP114-BSD1)",$12.08,4.5 out of 5 stars
"Ergonomic Memory Foam Mouse Pad with Stitched Edges,Premium Textured and Lightweight Rest Mousepad, Pain Relief, at Home or Work",$9.99$9.99,4.4 out of 5 stars
WEAPPINC World Map Gaming Mouse Pad with Stitched Edges Non-Slip Rubber Base Extended XXL Mousepad for Computer PC Keyboard Laptop(80X30CM),$19.70,4.4 out of 5 stars
"iCasso Pattern Design Mouse Pad with Stitched Edges, Comfortable Lycra Surface and Non-Slip Rubber Base, Waterproof Coating Mouse Pad for Computer, Laptop, Office, Home - 10.4 x 8.4 in - Peony",$9.99,4.7 out of 5 stars
"Mouse Pad with Wrist Rest Set,Qomolama 3-in-1 Wrist Support Mouse Pad Set,Gaming Mouse Pad with Anti-Skid Base,Ergonomic Mouse Pad,Memory Foam Keyboard Gel Wrist Rest for Gaming,Office,Study,Home",$25.99,4.5 out of 5 stars
"TEKXDD Mouse Pad Gaming XXL, Extended Mouse Mat (800mm*400mm) Non-Slip Rubber Base, Mousepad for Computers, PC, Laptop and Office (Forest)",$21.99$21.99,4.7 out of 5 stars
"TEKXDD Mouse Pad with Wrist Support, Ergonomic Memory Foam Gaming Mouse Pad, Non-Slip Rubber Base Mousepad Wrist Rest Mat for Office, Computer, Laptop, Home, Gaming",$13.99$13.99,4.5 out of 5 stars
"Gaming Mouse Pad, Large Mouse Pad XL, Mouse Pads for Computers 31.5×15.75In, Large Extended Gaming Keyboard Mouse Pads, Big Desk Mouse Mat Designed for Gaming Surface/Office, Durable Stitched Edges",$19.99$19.99,4.7 out of 5 stars
"Small Mouse Pad, Audimi Mini Mouse Pad Thick for Laptop Wireless Mouse Home Office Travel, Portable & Washable (Pink)",$9.99,4.7 out of 5 stars
Amazon Basics Gaming Computer Mouse Pad - Black,$13.49$13.49,4.6 out of 5 stars
"ITNRSIIET Mouse Pad, Ergonomic Mouse Pad with Gel Wrist Rest Support, Gaming Mouse Pad with Lycra Cloth, Non-Slip PU Base for Computer, Laptop, PC, Home, Office & Travel, Black",$14.89,4.4 out of 5 stars
"Logitech G440 Hard Gaming Mouse Pad, Optimized for Gaming Sensors, Moderate Surface Friction, Non-Slip Mouse Mat - Black",$24.99,4.5 out of 5 stars
Corsair MM300 PRO Premium Spill-Proof Cloth Gaming Mouse Pad Extended - Multicolor,$48.98,4.7 out of 5 stars
"Knodel Desk Pad, Office Desk Mat, 31.5"" x 15.7"" PU Leather Desk Blotter, Laptop Desk Mat, Waterproof Desk Writing Pad for Office and Home, Dual-Sided (Brown)",$20.99$20.99,4.7 out of 5 stars
RGB Gaming Mouse Pad Anime Dragon Mousepad Mat LED with 15 Lighting Modes for Computer 31.5 X 12 Inch (Red),$26.99,4.5 out of 5 stars
"Corsair CH-9100020-WW - Cloth Mouse Pad - High-Performance Mouse Pad Optimized for Gaming Sensors - Designed for Maximum Control, Black",$16.05,4.7 out of 5 stars
"DawnTrees Felt Desk Mat(35.5x15.8 inches), Office Felt Desk Pad Mat, Keyboard Pad, Extra Large Felt Mouse Pad, Suitable for PC,Computers,Keyboard, Laptops, Offices and Homes. (Dark Gray)",$19.89,4.3 out of 5 stars
"Atufsuat Small Mouse Pad 6 x 7 Inch, Oval Mini Mouse Pad with Non-Slip Rubber Base, Waterproof Compact Mouse Mat for Laptop Computer Wireless Mouse Keyboard Tray Home Office Travel, Green Leaves",$9.99,4.6 out of 5 stars
Gaming Mouse Pad Large Extended Mouse Mat with Stitched Edge Desk Mat Keyboard Pad for Laptop Computer Desktop PC Gamer Office and Home Non-Slip Rubber Mousepad (70-30CM Map),$15.99,4.6 out of 5 stars
11.8x23.6 Inches Large Japanese Cherry Tree Gaming Mouse Pad Mat with Stitched Edge Non-Slip Rubber Base Resilient for Office Computers Laptop Table Desk Mouse Pads Mats Accessories (Large),$20.99,4.1 out of 5 stars
"Black Shark Extended Mouse Pad, Gaming Mousepad Large, 90 x 40 cm, Durable Non-Slip Rubber Base, Waterproof Durable PC Keyboard Desk Mat",$29.99,4.7 out of 5 stars
Large Gaming Mouse Pad Mat 11.8x23.6 Inches with Stitched Edge Non-Slip Rubber Base Washable Resilient for Office Computers Laptop Table Mouse Pads Mats Accessory (Large),$22.99$22.99,4.5 out of 5 stars
"ITNRSIIET Mouse Pad, Ergonomic Mouse Pad with Gel Wrist Rest Support, Gaming Mouse Pad with Lycra Cloth, Non-Slip PU Base for Computer, Laptop, Home, Office & Travel, Cute Yellow",$16.99$16.99,4.4 out of 5 stars
WEAPPINC World Map Gaming Mouse Pad with Stitched Edges Non-Slip Rubber Base Extended XXL Mousepad for Computer PC Keyboard Laptop(80X30CM),$19.70$19.70,4.4 out of 5 stars
